{"cameraMode":{"drawMode":0,"name":"Shaded","section":"Shading Mode"},"sceneLighting":true,"audioPlay":false,"sceneViewState":{"m_AlwaysRefresh":false,"showFog":true,"showSkybox":true,"showFlares":true,"showImageEffects":true,"showParticleSystems":true,"showVisualEffectGraphs":true,"m_FxEnabled":true},"in2DMode":false,"pivot":{"x":1.1755504608154297,"y":3.956183910369873,"z":-3.601053237915039},"rotation":{"x":-0.005238036159425974,"y":0.9395372867584229,"z":-0.014385017566382885,"w":-0.3421054780483246},"size":7.244753360748291,"orthographic":false}